-- phpMyAdmin SQL Dump
-- version 5.0.2
-- https://www.phpmyadmin.net/
--
-- Host: 127.0.0.1
-- Generation Time: Jan 24, 2021 at 08:41 AM
-- Server version: 10.4.14-MariaDB
-- PHP Version: 7.4.10

SET SQL_MODE = "NO_AUTO_VALUE_ON_ZERO";
START TRANSACTION;
SET time_zone = "+00:00";


/*!40101 SET @OLD_CHARACTER_SET_CLIENT=@@CHARACTER_SET_CLIENT */;
/*!40101 SET @OLD_CHARACTER_SET_RESULTS=@@CHARACTER_SET_RESULTS */;
/*!40101 SET @OLD_COLLATION_CONNECTION=@@COLLATION_CONNECTION */;
/*!40101 SET NAMES utf8mb4 */;

--
-- Database: `project`
--

-- --------------------------------------------------------

--
-- Table structure for table `category`
--

CREATE TABLE `category` (
  `id` int(10) NOT NULL,
  `categoryname` varchar(500) COLLATE utf8_unicode_ci NOT NULL
) ENGINE=InnoDB DEFAULT CHARSET=utf8 COLLATE=utf8_unicode_ci;

--
-- Dumping data for table `category`
--

INSERT INTO `category` (`id`, `categoryname`) VALUES
(1, 'ENGLISH SUBJECT'),
(2, 'MINOR SUBJECT'),
(3, 'FREE SUBJECT'),
(4, 'AESTHETICS AND SPORTS'),
(5, 'MAJOR SUBJECT');

-- --------------------------------------------------------

--
-- Table structure for table `comments`
--

CREATE TABLE `comments` (
  `commentid` int(100) NOT NULL,
  `subjectid` varchar(100) NOT NULL,
  `studentid` varchar(15) NOT NULL,
  `txt` varchar(300) NOT NULL
) ENGINE=InnoDB DEFAULT CHARSET=utf8;

--
-- Dumping data for table `comments`
--

INSERT INTO `comments` (`commentid`, `subjectid`, `studentid`, `txt`) VALUES
(4, '001-103', '111', 'dddddd'),
(5, '001-103', '111', 'dddddd'),
(6, '001-103', '111', 'frame dead'),
(7, '001-102', '0', 'frame'),
(8, '001-102', '0', 'frame'),
(9, '001-102', '0', 'mgoidfmoigmfd'),
(10, '001-102', '0', 'hshsgfhsfgjfg'),
(11, '001-102', '2147483647', 'hshsgfhsfgjfg'),
(12, '001-102', '2147483647', 'hshsgfhsfgjfg'),
(13, '001-102', '57105130391', 'hshsgfhsfgjfg'),
(14, '001-102', '57105130391', 'sdfsdfsdfsdfsdf'),
(15, '001-102', '57105130391', 'sdfsdfsdfsdfsdf'),
(16, '001-102', '60105130691', '123132131'),
(17, '001-102', '60105130691', '123132131'),
(18, '001-102', '', '123132131'),
(19, '001-102', '', 'frame'),
(20, '001-102', '60105130691', 'frame'),
(21, '001-102', '60105130691', '9944'),
(22, '001-102', '60105130691', '9944'),
(23, '001-102', '60105130691', '1122'),
(24, '001-102', '60105130691', '8877'),
(25, '001-102', '60105130691', '9999'),
(26, '001-102', '60105130691', 'frame'),
(27, '001-102', '60105130691', 'frame'),
(28, '001-102', '60105130691', '55555'),
(29, '001-102', '60105130691', '55555'),
(30, '001-102', '60105130691', '55555'),
(31, '001-102', '60105130691', '55555'),
(32, '001-102', '60105130691', '55555'),
(33, '001-102', '57105130391', '3039'),
(34, '001-102', '57105130391', '3039'),
(35, '001-102', '57105130391', '3039'),
(36, '001-102', '57105130391', '3039'),
(37, '001-102', '57105130391', '3039'),
(38, '001-102', '57105130391', '3039'),
(39, '001-102', '57105130391', '3039'),
(40, '001-102', '57105130391', '3039'),
(41, '001-102', '57105130391', '3039'),
(42, '001-102', '57105130391', '3039'),
(43, '001-102', '57105130391', 'gdfgfdg'),
(44, '001-102', '57105130391', 'gdfgfdg'),
(45, '001-102', '57105130391', 'gdfgfdg'),
(46, '001-102', '57105130391', 'gdfgfdg'),
(47, '001-102', '57105130391', 'gdfgfdg'),
(48, '001-102', '57105130391', 'gdfgfdg'),
(49, '001-102', '57105130391', 'gdfgfdg'),
(50, '001-102', '57105130391', 'gdfgfdg'),
(51, '001-102', '57105130391', 'gdfgfdg'),
(52, '001-102', '57105130391', 'gdfgfdg'),
(53, '001-102', '57105130391', 'gdfgfdg'),
(54, '001-102', '57105130391', 'gdfgfdg'),
(55, '001-102', '57105130391', 'gdfgfdg'),
(56, '001-102', '57105130391', 'gdfgfdg'),
(57, '001-102', '57105130391', 'gdfgfdg'),
(58, '001-102', '57105130391', 'gdfgfdg'),
(59, '001-102', '57105130391', 'gdfgfdg'),
(60, '001-102', '57105130391', 'gdfgfdg'),
(61, '001-102', '57105130391', 'gdfgfdg'),
(62, '001-102', '57105130391', 'gdfgfdg'),
(63, '001-102', '57105130391', 'gdfgfdg'),
(64, '001-102', '57105130391', 'gdfgfdg'),
(65, '001-102', '57105130391', 'gdfgfdg'),
(66, '001-102', '57105130391', 'gdfgfdg'),
(67, '001-102', '57105130391', 'gdfgfdg'),
(68, '001-102', '57105130391', 'gdfgfdg'),
(69, '001-102', '57105130391', 'gdfgfdg'),
(70, '001-102', '57105130391', 'gdfgfdg'),
(71, '001-102', '57105130391', 'gdfgfdg'),
(72, '001-102', '57105130391', 'gdfgfdg'),
(73, '001-102', '57105130391', 'gdfgfdg'),
(74, '001-102', '57105130391', 'gdfgfdg'),
(75, '001-102', '57105130391', ''),
(76, '001-102', '57105130391', ''),
(77, '001-102', '57105130391', ''),
(78, '001-102', '57105130391', ''),
(79, '001-102', '57105130391', 'sdasdasdasdas'),
(80, '001-102', '57105130391', 'sdasdasdasdas'),
(81, '001-102', '60105130691', 'เฟรมเก่งมาก'),
(82, '001-102', '60105130691', 'เฟรมเก่งมาก'),
(83, '001-102', '60105130691', ''),
(84, '001-102', '57105130391', 'เฟรม กาก มาก นะ รู้ ไว้'),
(85, '001-102', '57105130391', 'เฟรม กาก มาก นะ รู้ ไว้'),
(86, '001-103', '60105130691', '111111'),
(87, '001-103', '60105130691', '111111');

-- --------------------------------------------------------

--
-- Table structure for table `major`
--

CREATE TABLE `major` (
  `id` int(10) NOT NULL,
  `major` varchar(500) NOT NULL,
  `major_sh` varchar(10) NOT NULL
) ENGINE=InnoDB DEFAULT CHARSET=utf8;

--
-- Dumping data for table `major`
--

INSERT INTO `major` (`id`, `major`, `major_sh`) VALUES
(1, 'BUSINESS INFORMATION SYSTEM', 'bis'),
(2, 'LOGISTICS MANAGEMENT', 'lgm'),
(3, 'HUMAN RESOURCE MANAGEMENT', 'hrm'),
(4, 'ACCOUNTING', 'acc'),
(5, 'FINANCE', 'fin'),
(6, 'MEETING INCENTIVE CONVENTION AND EXHIBITION MANAGEMENT', 'mice'),
(7, 'MARKETING', 'mkt');

-- --------------------------------------------------------

--
-- Table structure for table `semesters`
--

CREATE TABLE `semesters` (
  `id` int(100) NOT NULL,
  `subjectsid` varchar(100) NOT NULL,
  `subjectss` varchar(300) NOT NULL,
  `majorsid` varchar(200) NOT NULL,
  `semesterss` varchar(50) NOT NULL,
  `yearss` int(10) NOT NULL,
  `credit` int(10) NOT NULL
) ENGINE=InnoDB DEFAULT CHARSET=utf8;

--
-- Dumping data for table `semesters`
--

INSERT INTO `semesters` (`id`, `subjectsid`, `subjectss`, `majorsid`, `semesterss`, `yearss`, `credit`) VALUES
(1, '001-102', 'ศาสตร์พระราชากับการพัฒนาที่ยั่งยืน', 'bis', '1', 1, 2),
(2, '388-100', 'สุขถาวะเพื่อเพื่อนมนุษย์', 'bis', '1', 1, 1),
(3, '460-101', 'ความรู้ทั่วไปเกี่ยวกับธุรกิจ', 'bis', '1', 1, 3),
(4, '460-103', 'หลักการตลาด', 'bis', '1', 1, 3),
(5, '464-111', 'หลักการบัญชีขั้นต้น', 'bis', '1', 1, 3),
(6, '477-101', 'หลักการพื้นฐานระบบสารสนเทศ', 'bis', '1', 1, 3),
(7, '322-100', 'คำนวณศิลป์', 'bis', '2', 1, 2),
(8, '460-104', 'หลักการเงิน', 'bis', '2', 1, 3),
(9, '460-204', 'การติดต่อสื่อสารทางธุรกิจ', 'bis', '2', 1, 3),
(10, '477-102', 'ตรรกะของการใช้โปรแกรมและโครงสร้างข้อมูล', 'bis', '2', 1, 3),
(11, '876-102', 'หลักเศรษฐศาสตร์พื้นฐานและการประยุกต์', 'bis', '2', 1, 3),
(12, '950-101', 'จิตวิวัฒน์', 'bis', '2', 1, 1),
(13, '950-102', 'ชีวิตที่ดี', 'bis', '2', 1, 2),
(14, '460-106', 'หลักการจัดการธุรกิจ', 'bis', '1', 2, 3),
(15, '460-201', 'กฎหมายธุรกิจ', 'bis', '1', 2, 3),
(16, '477-201', 'การเขียนโปรแกรมคอมพิวเตอร์', 'bis', '1', 2, 3),
(17, '477-202', 'เทคโนโลยีแฟลตฟอร์มคอมพิวเตอร์', 'bis', '1', 2, 3),
(18, '895-001', 'พลเมืองที่ดี', 'bis', '1', 2, 2),
(19, '315-202', 'การคิดกับการใช้เหตุผล', 'bis', '2', 2, 2),
(20, '460-105', 'สถิติธุรกิจและการประยุกต์ใช้', 'bis', '2', 2, 3),
(21, '460-203', 'การจัการดำเนินงาน', 'bis', '2', 2, 3),
(22, '477-203', 'ระบบฐานข้อมูล', 'bis', '2', 2, 3),
(23, '477-204', 'เครื่องข่ายคอมพิวเตอร์และความมั่นคงทางเทคโนโลยีสารสนเทศ', 'bis', '2', 2, 3),
(24, '001-103', 'ไอเดียสู่ความเป็นผู้ประกอบการ', 'bis', '1', 3, 1),
(25, '475-413', 'การเป็นผู้ประกอบการและสร้างธุรกิจใหม่', 'bis', '1', 3, 3),
(26, '477-301', 'การวิเคราะห์และออกแบบระบบ', 'bis', '1', 3, 3),
(27, '477-302', 'การเขียนโปรแกรมบนเว็บ', 'bis', '1', 3, 3),
(28, '460-400', 'ประโยชน์เพื่อนมนุษย์', 'bis', '2', 3, 1),
(29, '477-303', 'ระบบสารสนเทศเพื่อการจัดการและการจัดโครงการทางเทคโนโลยีสารสนเทศ', 'bis', '2', 3, 3);

-- --------------------------------------------------------

--
-- Table structure for table `subjects`
--

CREATE TABLE `subjects` (
  `subjectid` varchar(20) NOT NULL,
  `thname` varchar(100) NOT NULL,
  `enname` varchar(100) NOT NULL,
  `detail` varchar(900) NOT NULL,
  `category` varchar(100) NOT NULL,
  `teacher` varchar(100) NOT NULL,
  `credit` int(10) NOT NULL,
  `semester` int(2) NOT NULL,
  `pic` longtext NOT NULL,
  `year` int(10) NOT NULL,
  `major` varchar(100) CHARACTER SET utf8 COLLATE utf8_unicode_ci NOT NULL
) ENGINE=InnoDB DEFAULT CHARSET=utf8;

--
-- Dumping data for table `subjects`
--

INSERT INTO `subjects` (`subjectid`, `thname`, `enname`, `detail`, `category`, `teacher`, `credit`, `semester`, `pic`, `year`, `major`) VALUES
('001-102', 'ศาสตร์พระราชากับการพัฒนาที่ยั่งยืน', 'The King’s Philosophy and Sustainable Development', 'ความหมาย หลักการ แนวคิด ความสำคัญ และเป้าหมายของหลักปรัชญาของเศรษฐกิจพอเพียง หลักการทรงงาน หลักการเข้าใจ เข้าถึง พัฒนา การพัฒนาตามศาสตร์พระราชา และการพัฒนาอย่างยั่งยืน การวิเคราะห์การนำศาสตร์พระราชาไปประยุกต์ใช้ในพื้นที่ระดับบุคคล องค์กรธุรกิจหรือชุมชนในระดับท้องถิ่น และระดับ', 'main', '', 2, 1, 'thaifood.jpg', 1, ''),
('001-103', 'ไอเดียสู่ความเป็นผู้ประกอบการ', 'Idea to Entrepreneurship', 'การเป็นผู้ประกอบการ การวิเคราะห์สภาพแวดล้อมธุรกิจ การแสวงหาโอกาสทางธุรกิจ การจัดทำแนวคิดธุรกิจด้วยเครื่องมือทางธุรกิจสมัยใหม่', 'main', '', 1, 1, '', 0, ''),
('061-001', 'ความงามของนาฏศิลป์ไทย', 'Aesthetics of Thai Dance', 'ความรู้ทั่วไปเกี่ยวกับนาฏศิลป์ไทย  การแต่งกายตามแบบนาฏศิลป์ไทย    เพลงประกอบการแสดงนาฏศิลป์ไทย  ท่ารำตามแบบนาฏศิลป์ไทย  การแสดงนาฏศิลป์ไทยในรูปแบบต่างๆ', 'aas', '', 1, 0, '', 0, ''),
('315-201', 'ชีวิตแห่งอนาคต', 'Life in the Future', 'การเปลี่ยนแปลงสภาพแวดล้อมโลกในอนาคต เทคโนโลยีชีวภาพและนาโนเทคโนโลยี พลังงานสะอาด เทคโนโลยีสารสนเทศกับการใช้ชีวิตในอนาคต ปัญญาประดิษฐ์', 'main', '', 0, 0, '', 0, ''),
('315-202', 'การคิดกับการใช้เหตุผล', 'Thinking and Reasoning', 'นิยามและความสำคัญของการคิดและเหตุผล ระบบการคิดของสมอง ประเภทการคิด หลักเหตุผล การให้เหตุผล การคิดเชิงวิทยาศาสตร์และนวัตกรรม', 'main', '', 2, 2, '', 1, ''),
('322-100', 'คำนวณศิลป์', 'The Art of Computing', 'คณิตศาสตร์รอบตัว ตัวแบบทางคณิตศาสตร์เพื่อการดำเนินชีวิต  อัตราดอกเบี้ยค่ารายปี การรวบรวมและจัดการข้อมูลการวิเคราะห์ข้อมูลเบื้องต้นและการนำเสนอ', 'main', '', 2, 2, '', 1, ''),
('340-162', 'สุนทรียศาสตร์การถ่ายภาพ', 'The Aesthetic in Photography', 'แสง สี และเงา; การจัดองค์ประกอบภาพ; สุนทรียะในการถ่ายภาพธรรมชาติและสิ่งแวดล้อม; สุนทรียะในการถ่ายภาพพฤติกรรมมนุษย์; สุนทรียะในการถ่ายภาพเพื่อศิลปะ และ สุนทรียะในการถ่ายภาพเพื่อการสื่อสาร', 'aas', '', 1, 0, '', 0, ''),
('388-100', 'สุขภาวะเพื่อเพื่อนมนุษย์', 'Health for All', 'หลักการและขั้นตอนการช่วยชีวิตขั้นพื้นฐาน ปฏิบัติการช่วยชีวิตขั้นพื้นฐานในสถานการณ์จำลอง  ปัญหาสุขภาพจิตที่พบบ่อย สัญญาณเตือน การประเมินและการดูแลเบื้องต้นของอาการทางจิต การดูแลสุขภาพตามวัย แนวคิดพื้นฐานเกี่ยวกับสุขภาพและการสร้างเสริมสุขภาพ การปฐมพยาบาลเบื้องต้น', 'main', '', 1, 1, '', 1, ''),
('460-101', 'ความรู้ทั่วไปเกี่ยวกับธุรกิจ', '', '', 'main', '', 3, 1, '', 1, ''),
('460-103', 'หลักการตลาด', '', '', 'main', '', 3, 1, '', 1, ''),
('460-104', 'หลักการเงิน', '', '', 'main', '', 3, 2, '', 1, ''),
('460-105', 'สิถิติธุรกิจและการประยุกต์ใช้', '', '', 'main', '', 3, 2, '', 0, ''),
('460-106', 'หลักการจัดการธุรกิจ', '', '', 'main', '', 3, 1, '', 1, ''),
('460-107', 'ซอฟต์แวร์ประยุกต์ทางธุรกิจ', '', '', 'main', '', 3, 2, '', 1, ''),
('460-201', 'กฎหมายธูรกิจ', '', '', 'main', '', 3, 1, '', 1, ''),
('460-203', 'กาจัดการดำเนินงาน', '', '', 'main', '', 3, 2, '', 0, ''),
('460-204', 'การติดต่อสื่อสารทางธุรกิจ', '', '', 'main', '', 3, 2, '', 1, ''),
('460-400', 'ประโยชน์เพื่อเพื่อนมนุษย์', '', '', 'main', '', 1, 2, '', 0, ''),
('460-401', 'การจัดการเชิงกลยุทธ์', '', '', 'main', '', 3, 1, '', 0, ''),
('464-111', 'หลักการบัญชีขั้นต้น', '', '', 'main', '', 3, 1, '', 1, ''),
('475-413', 'การเป็นผู้ประกอบการและการสร้าง ธุรกิจใหม่', 'ENTREPRENEURSHIP AND NEW VENTURE CREATION', '', 'main', '', 3, 1, '', 0, ''),
('476-201', 'การจัดการโลจิสติกส์', 'LOGISTICS MANAGEMENT', '', '', '', 3, 1, '', 0, ''),
('477-101', 'หลักการพื้นฐานระบบสารสนเทศ', 'FOUNDATIONS OF INFORMATION SYSTEM', '', '', '', 3, 1, '', 1, 'bis'),
('477-102', 'ตรรกะของการใช้โปรแกรมและโครงสร้างข้อมูล', 'PROGRAMMING LOGIC AND DATA STRUCTURE', '', '', '', 3, 2, '', 1, ''),
('477-201', 'การเขียนโปรแกรมคอมพิวเตอร์', 'COMPUTER PROGRAMMING', '', '', '', 3, 1, '', 0, ''),
('477-202', 'เทคโนโลยีแพลตฟอร์มคอมพิวเตอร์', 'COMPUTING PLATFORM TECHNOLOGY', '', '', '', 3, 1, '', 0, ''),
('477-203', 'ระบบฐานข้อมูล', 'DATABASE SYSTEM', '', '', '', 3, 2, '', 0, ''),
('477-204', 'เครือข่ายคอมพิวเตอร์และ ความมั่นคงทางเทคโนโลยีสารสนเทศ', 'COMPUTER NETWORKS AND INFORMATION TECHNOLOGY SECURITY', '', '', '', 3, 2, '', 0, ''),
('477-301', 'การวิเคราะห์และออกแบบระบบ', 'SYSTEM ANALYSIS AND DESIGN', '', '', '', 3, 1, '', 0, ''),
('477-302', 'การเขียนโปรแกรมบนเว็บ', 'WEB PROGRAMMING', '', '', '', 3, 1, '', 0, ''),
('477-303', 'ระบบสารสนเทศเพื่อการจัดการและ การจัดการโครงการทาง เทคโนโลยีสารสนเทศ', 'MANAGEMENT INFORMATION SYSTEM AND IT PROJECT MANAGEMENT', '', '', '', 3, 2, '', 0, ''),
('477-402', 'โครงงานระบบสารสนเทศ 1', 'PROJECT IN INFORMATION SYSTEM I', '', '', '', 2, 1, '', 0, ''),
('477-403', 'โครงงานระบบสารสนเทศทางธุรกิจ 2', 'PROJECT IN BUSINESS INFORMATION SYSTEM II', '', '', '', 2, 2, '', 0, ''),
('477-404', 'สัมมนาระบบสารสนเทศทางธุรกิจ', 'SEMINAR IN BUSINESS INFORMATION SYSTEM', '', '', '', 3, 1, '', 0, ''),
('478-200', 'ความรู้เบื้องต้นในอุตสาหกรรมไมซ์', 'INTRODUCTION TO MICE INDUSTRY', '', '', '', 3, 1, '', 0, ''),
('478-201', 'การบริการและการดำเนินงานในไมซ์', 'MICE SERVICE AND OPERATION', '', '', '', 3, 1, '', 0, ''),
('478-202', 'การจัดการประชุม', 'MEETING AND CONVENTION MANAGEMENT', '', '', '', 3, 2, '', 0, ''),
('478-203', 'การจัดการอาหารและเครื่องดื่ม', 'FOOD AND BEVERAGE MANAGEMENT', '', '', '', 3, 2, '', 0, ''),
('478-301', 'การจัดการนิทรรศการและที่พัก', 'EXHIBITIONS MANAGEMENT', '', '', '', 3, 1, '', 0, ''),
('478-302', 'การจัดการท่องเที่ยวเพื่อ เป็นรางวัล', 'INCENTIVE TRAVEL MANAGEMENT', '', '', '', 3, 1, '', 0, ''),
('478-303', 'การจัดการนิทรรศการ', 'EXHIBITION MANAGEMENT', '', '', '', 3, 2, '', 0, ''),
('478-304', 'การจัดการกิจกรรมพิเศษ', 'SPECIAL EVENTS MANAGEMENT', '', '', '', 3, 2, '', 0, ''),
('478-305', 'การจัดการอาหารและเครื่องดื่ม', 'FOOD AND BEVERAGE MANAGEMENT', '', '', '', 0, 3, '', 0, ''),
('478-400', 'สัมมนาในอุตสาหกรรมไมซ์', 'SEMINAR IN MICE INDUSTRY', '', '', '', 3, 1, '', 0, ''),
('478-401', 'สัมมนาในอุตสาหกรรมไมซ์', 'SEMINAR IN MICE INDUSTRY', '', '', '', 3, 1, '', 0, ''),
('876-102', 'หลักเศรษฐศาสตร์พื้นฐานและการประยุกต์', 'PRINCIPLES OF ECONOMICS AND APPLICATION', '', 'main', '', 3, 2, '', 1, ''),
('890-001', 'สรรสาระภาษาอังกฤษ', 'Essential English', 'โครงสร้างทางไวยากรณ์และคำศัพท์ภาษาอังกฤษที่เป็นสาระสำคัญ การออกเสียง ทักษะพื้นฐานการฟัง พูด อ่าน และเขียนระดับประโยค และข้อความสั้น ๆ', 'eng', '', 2, 0, '', 1, ''),
('890-002', 'ภาษาอังกฤษในชีวิตประจำวัน', 'Everyday English', 'การฟังและการอ่านภาษาอังกฤษที่มีเนื้อหาใกล้ตัวและไม่ซับซ้อน เพื่อจับใจความสำคัญและรายละเอียด ไวยากรณ์และสำนวนภาษาสำหรับการพูดและเขียนเพื่อสื่อสารในชีวิตประจำวัน', 'eng', '', 2, 0, '', 1, ''),
('890-003', 'ภาษาอังกฤษพร้อมใช้', 'English on the Go', 'การฟังและการอ่านภาษาอังกฤษเกี่ยวกับหัวข้อที่เป็นปัจจุบัน เพื่อความเข้าใจ การสรุปความและการตีความ ไวยากรณ์และสำนวนภาษาที่ซับซ้อนสำหรับการพูดและเขียนเพื่อสื่อสารในบริบทที่หลากหลาย', 'eng', '', 2, 0, '', 1, ''),
('890-004', 'ภาษาอังกฤษยุคดิจิทัล', 'English in the Digital World', 'การฟังและอ่านภาษาอังกฤษในยุคดิจิทัล การพูดและเขียนแสดงความคิดเห็นต่อสาระที่ฟังและอ่านอย่างมีวิจารณญาณ', 'eng', '', 2, 0, '', 1, ''),
('890-005', 'ภาษาอังกฤษเชิงวิชาการ', 'English for Academic Success', 'การฟังและการอ่านภาษาอังกฤษเชิงวิชาการ การวิเคราะห์สารเชิงวิชาการ การพูดและการเขียนเพื่อแสดงความคิดเห็นต่อสารอย่างมีวิจารณญาณ', 'eng', '', 2, 0, '', 1, ''),
('890-010', 'การพัฒนาทักษะการเขียนภาษาอังกฤษ', 'Improving English Writing Skills', 'เหมาะสำหรับผู้เรียนที่ผ่านการเรียนรายวิชาภาษาอังกฤษ 890-002 และ 890-003 มาแล้ว \r\nหรือมีคะแนน O-NET มากกว่า 50 คะแนนขึ้นไป และ การเขียนย่อหน้าและความเรียงประเภทต่าง ๆ โดยใช้หลักไวยากรณ์ คำเชื่อมประโยคและเครื่องหมายวรรคตอนที่ถูกต้อง การเรียบเรียงความคิด และกระบวนการเขียน\r\n', 'eng', '', 2, 0, '', 1, ''),
('890-011', 'อ่านได้ใกล้ตัว', 'Reading All Around', 'เหมาะสำหรับผู้เรียนที่ผ่านการเรียนรายวิชาภาษาอังกฤษ 890-002 และ 890-003 มาแล้ว \r\nหรือมีคะแนน O-NET มากกว่า 50 คะแนนขึ้นไป\r\n	การฝึกอ่านจากสื่อสิ่งที่พิมพ์ที่เป็นของจริงในบริบทต่าง ๆ เช่น สื่อจากป้ายประกาศ ใบปลิว แผ่นพับ โบรชัวร์ ป้ายโฆษณา หนังสือพิมพ์ อีเมล คู่มือต่าง ๆ เป็นต้น  การฝึกใช้เทคนิคการอ่านในแบบต่าง ๆ เช่น การอ่านแบบ skimming และ scanning การเดาศัพท์ การใช้ประสบการณ์ความรู้มาช่วยในการอ่าน การทำความเข้าใจกับจุดประสงค์ผู้เขียน เป็นต้น การพัฒนาการอ่านอย่างมีวิจารณญาณโดยอาศัยหลักคิดจากสถานการณ์ในชีวิตจริง\r\n', 'eng', '', 2, 0, '', 1, ''),
('890-012', 'เทคนิคพิชิตการอ่าน', 'Strategic Reading for Greater Comprehension', 'เหมาะสำหรับผู้เรียนที่ผ่านการเรียนรายวิชาภาษาอังกฤษ 890-002 และ 890-003 มาแล้ว \r\nหรือมีคะแนน O-NET มากกว่า 50 คะแนนขึ้นไป\r\n	เทคนิคการอ่าน การอ่านตั้งแต่ระดับคำ วลี ประโยค ย่อหน้า และข้อความแบบต่าง ๆ การอ่านเพื่อหารายละเอียด การจับใจความสำคัญ และการจับใจความที่ซ่อนอยู่ในข้อความ เทคนิคการพัฒนาอัตราความเร็วการอ่าน การฝึกฝนการอ่านวัสดุการอ่านชนิดต่าง ๆ\r\n', 'eng', '', 2, 0, '', 1, ''),
('890-013', 'อ่านงานเขียนเชิงวิชาการสำราญใจ', 'Better Academic Texts Readers', 'เหมาะสำหรับผู้เรียนที่ผ่านการเรียนรายวิชาภาษาอังกฤษ 890-002 และ 890-003 มาแล้ว \r\nหรือมีคะแนน O-NET มากกว่า 50 คะแนนขึ้นไป\r\n	การใช้ประโยชน์จากรูปแบบและโครงสร้างของบทอ่านเพื่อความเข้าใจในการอ่าน การพัฒนาทักษะการอ่านเชิงวิชาการ การเพิ่มพูนคำศัพท์ทางวิชาการและการสรุปย่อเนื้อหาจากบทอ่านเชิงวิชาการ\r\n', 'eng', '', 2, 0, '', 1, ''),
('890-014', 'ฝึกสำเนียงผ่านเสียงเพลง', 'English Pronunciation through Songs', 'เหมาะสำหรับผู้เรียนที่ผ่านการเรียนรายวิชาภาษาอังกฤษ 890-002 และ 890-003 มาแล้ว \r\nหรือมีคะแนน O-NET มากกว่า 50 คะแนนขึ้นไป\r\n	การออกเสียงพยัญชนะและสระในภาษาอังกฤษ เสียงพยัญชนะต้นและพยัญชนะท้าย การเน้นเสียงในระดับคำ การโยงเสียง หน่วยเสียงที่เป็นปัญหาของคนไทย การเพิ่มพูนวงศัพท์และสำนวนภาษาในภาษาอังกฤษ การฝึกและการพัฒนาทักษะด้านการฟังและการออกเสียงภาษาอังกฤษโดยใช้เพลงภาษาอังกฤษเป็นสื่อ\r\n', 'eng', '', 2, 0, '', 1, ''),
('890-015', 'ไวยากรณ์อังกฤษเพื่อการสื่อสารในชีวิตจริง ', 'English Grammar for Real Life Communication', 'เหมาะสำหรับผู้เรียนที่ผ่านการเรียนรายวิชาภาษาอังกฤษ 890-002 และ 890-003 มาแล้ว \r\nหรือมีคะแนน O-NET มากกว่า 50 คะแนนขึ้นไป\r\n	การวิเคราะห์โครงสร้างไวยากรณ์ภาษาอังกฤษในบริบท ความสัมพันธ์ระหว่างรูปแบบ หน้าที่ทางภาษาและความหมาย การนำสิ่งที่ได้เรียนรู้ไปใช้สื่อสารเน้นทักษะการอ่านและการเขียน\r\n', 'eng', '', 2, 0, '', 1, ''),
('890-020', 'การสนทนาภาษาอังกฤษ', 'English Conversation', 'เหมาะสำหรับผู้เรียนที่ผ่านการเรียนรายวิชาภาษาอังกฤษ 890-002 และ 890-003 มาแล้ว \r\nหรือมีคะแนน O-NET มากกว่า 50 คะแนนขึ้นไป\r\n	การสร้างความตระหนักรู้ถึงลักษณะการดำเนินบทสนทนาและหน้าที่ของภาษาอังกฤษที่ใช้ในการสนทนาในชีวิตประจำวัน การสนทนาภาษาอังกฤษในเรื่องทั่วไปในบริบททางปฏิสัมพันธ์ต่าง ๆ การพัฒนาทักษะการสนทนาภาษาอังกฤษที่จำเป็นในการปฏิสัมพันธ์ทางสังคมในชีวิตประจำวัน\r\n', 'eng', '', 2, 0, '', 1, ''),
('890-021', 'ฟังแล้วพูดภาษาอังกฤษ ', 'From Listening to Speaking English', 'เหมาะสำหรับผู้เรียนที่ผ่านการเรียนรายวิชาภาษาอังกฤษ 890-002 และ 890-003 มาแล้ว \r\nหรือมีคะแนน O-NET มากกว่า 50 คะแนนขึ้นไป\r\n	การฟังและการพูดสั้นๆ การนำเสนอ การอภิปรายในแวดวงวิชาการและอาชีพ และการสื่อสารในสถานการณ์ต่าง ๆ โดยผู้พูดหลากหลายสำเนียง การพูดแสดงความคิดเห็นต่อเรื่องที่ได้ฟัง\r\n', 'eng', '', 2, 0, '', 1, ''),
('890-022', 'การนำเสนอและการพูดในที่สาธารณะเป็นภาษาอังกฤษ ', 'Presentations and Public Speaking in English', 'เหมาะสำหรับผู้เรียนที่ผ่านการเรียนรายวิชาภาษาอังกฤษ 890-002 และ 890-003 มาแล้ว \r\nหรือมีคะแนน O-NET มากกว่า 50 คะแนนขึ้นไป\r\n	ความรู้ด้านภาษาและวิธีการในการรวบรวมข้อมูล การสรุปความ การวิเคราะห์และสังเคราะห์ข้อมูล การเตรียมและการนำเสนออย่างมีประสิทธิภาพ การพูดในที่สาธารณะ\r\n', 'eng', '', 2, 0, '', 1, ''),
('890-023', 'การเรียนรู้ภาษาอังกฤษผ่านทางวัฒนธรรม ', 'Learning English Through Cultures', 'เหมาะสำหรับผู้เรียนที่ผ่านการเรียนรายวิชาภาษาอังกฤษ 890-002 และ 890-003 มาแล้ว \r\nหรือมีคะแนน O-NET มากกว่า 50 คะแนนขึ้นไป\r\n	การใช้ภาษาอังกฤษเพื่อการเรียนรู้ รับทราบข้อมูลข่าวสาร สนทนาและแลกเปลี่ยนความคิดเห็นเกี่ยวกับวัฒนธรรมประเพณี แนวคิด ความเชื่อ สำนวน ภาษาท่าทาง เพลง บทกวีนิพนธ์ และงานฉลอง ตามประเพณีทั้งของไทยและชาติต่าง ๆ\r\n', 'eng', '', 2, 0, '', 1, ''),
('890-024', 'รังสรรค์หนังสั้นภาษาอังกฤษ', 'Creating English Short Films', 'เหมาะสำหรับผู้เรียนที่ผ่านการเรียนรายวิชาภาษาอังกฤษ 890-002 และ 890-003 มาแล้ว \r\nหรือมีคะแนน O-NET มากกว่า 50 คะแนนขึ้นไป\r\n	การเขียนเชิงสร้างสรรค์ การเขียนบรรยายภาพยนตร์และบทภาพยนตร์สั้น การพัฒนาเค้าโครงเรื่องและเค้าโครงตัวละคร การสื่อสารด้วยข้อความผ่านบทภาพยนตร์\r\n', 'eng', '', 2, 0, '', 1, ''),
('890-025', 'ทักษะการเรียนภาษาอังกฤษเพื่อการศึกษาต่อ', 'Study Skills in English for Higher Studies', 'เหมาะสำหรับผู้เรียนที่ผ่านการเรียนรายวิชาภาษาอังกฤษ 890-002 และ 890-003 มาแล้ว \r\nหรือมีคะแนน O-NET มากกว่า 50 คะแนนขึ้นไป\r\n	กลวิธีการอ่านแบบต่าง ๆ การเขียนเชิงเรื่องเล่า เชิงบรรยายและเชิงแสดงความเห็น การสรุปบันทึกย่อข้อความจากการฟังบรรยาย ทักษะการอภิปรายในเชิงการตั้งประเด็นอภิปราย การตั้งคำถาม การตอบคำถาม การแสดงความเห็น เทคนิคการนำเสนอรายงานปากเปล่า\r\n', 'eng', '', 2, 0, '', 1, ''),
('890-026', 'บูรณาการอ่านเขียนภาษาอังกฤษ ', 'Reading to Write in English', 'เหมาะสำหรับผู้เรียนที่ผ่านการเรียนรายวิชาภาษาอังกฤษ 890-002 และ 890-003 มาแล้ว \r\nหรือมีคะแนน O-NET มากกว่า 50 คะแนนขึ้นไป\r\n	การอ่านเพื่อความเข้าใจ การตีความและสังเคราะห์เรื่องที่อ่านอย่างมีวิจารณญาณและรู้เท่าทัน การเขียนแสดงความคิดเห็นต่อเรื่องที่อ่าน\r\n', 'eng', '', 2, 0, '', 1, ''),
('890-030', 'การสื่อสารภาษาอังกฤษเชิงธุรกิจ', 'English Communication for Business', 'เหมาะสำหรับผู้เรียนที่ผ่านการเรียนรายวิชาภาษาอังกฤษ 890-002 และ 890-003 มาแล้ว \r\nหรือมีคะแนน O-NET มากกว่า 50 คะแนนขึ้นไป\r\n	ทักษะการสื่อสาร การใช้ภาษาพูดในบริบทธุรกิจ การสนทนาทางโทรศัพท์ การเจรจาต่อรอง การสนทนาและอภิปรายอย่างเป็นทางการกับคู่ค้า การคิดอย่างมีวิจารณญาณ การใช้คำศัพท์ที่เหมาะสมในสถานการณ์ทางธุรกิจที่หลากหลาย\r\n', 'eng', '', 2, 0, '', 0, ''),
('890-031', 'ภาษาอังกฤษในที่ทำงาน  ', 'English in the Workplace', 'เหมาะสำหรับผู้เรียนที่ผ่านการเรียนรายวิชาภาษาอังกฤษ 890-002 และ 890-003 มาแล้ว \r\nหรือมีคะแนน O-NET มากกว่า 50 คะแนนขึ้นไป\r\n	ทักษะการอ่าน การเขียน การฟัง และการพูดสื่อสารในที่ทำงานในบริบททางธุรกิจ เช่น  การต้อนรับแขก การโทรศัพท์ การเขียนจดหมายอิเล็กทรอนิกส์   การนำเสนอข้อมูล การเขียนเชิงธุรกิจ และทักษะเพื่อการสมัครงาน\r\n', 'eng', '', 2, 0, '', 0, ''),
('890-032', 'ภาษาอังกฤษสำหรับนักท่องเที่ยว', 'English for Travelers', 'เหมาะสำหรับผู้เรียนที่ผ่านการเรียนรายวิชาภาษาอังกฤษ 890-002 และ 890-003 มาแล้ว \r\nหรือมีคะแนน O-NET มากกว่า 50 คะแนนขึ้นไป\r\n	ภาษาและทักษะการสื่อสารที่จำเป็นสำหรับนักท่องเที่ยว การเตรียมตัวสำหรับการเดินทาง การจัดโปรแกรมท่องเที่ยว ทักษะการเอาตัวรอดสำหรับนักท่องเที่ยว ความแตกต่างทางวัฒนธรรมและมารยาทสำหรับนักท่องเที่ยว\r\n', 'eng', '', 2, 0, '', 0, ''),
('890-033', 'ภาษาอังกฤษสำหรับผู้บริโภคและผู้ประกอบการรุ่นใหม่', 'English for New Generations of Consumers and Entrepreneurs', 'เหมาะสำหรับผู้เรียนที่ผ่านการเรียนรายวิชาภาษาอังกฤษ 890-002 และ 890-003 มาแล้ว \r\nหรือมีคะแนน O-NET มากกว่า 50 คะแนนขึ้นไป\r\n	การโต้ตอบทางธุรกิจเป็นภาษาอังกฤษสำหรับผู้บริโภคและผู้ประกอบการ การสื่อสารด้วยการเขียนผ่านสื่อสังคมออนไลน์\r\n', 'eng', '', 2, 0, '', 0, ''),
('890-041', 'ภาษาอังกฤษเพื่อการสัมภาษณ์งาน', 'English for Job Interview', 'เหมาะสำหรับผู้เรียนที่ผ่านการเรียนรายวิชาภาษาอังกฤษ 890-002 และ 890-003 มาแล้ว \r\nหรือมีคะแนน O-NET มากกว่า 50 คะแนนขึ้นไป\r\n	ข้อมูลเชิงลึกเกี่ยวกับการสัมภาษณ์งาน ศัพท์และสำนวนสำหรับการสอบสัมภาษณ์งาน การออกเสียงระดับคำและระดับประโยค ทักษะการถามและตอบคำถาม การสัมภาษณ์งานเสมือนจริง จดหมายและอีเมล์ขอบคุณ\r\n', 'eng', '', 2, 0, '', 0, ''),
('890-042', 'สนทนาภาษาเกาหลีในที่ทำงาน', 'Korean Conversation in the Workplace', 'เหมาะสำหรับผู้เรียนที่ผ่านการเรียนรายวิชาภาษาเกาหลีเบื้องต้นมาก่อน หรือตามความเห็นชอบของสาขาวิชา/ผู้สอน                                                                      \r\n	การสนทนาและโครงสร้างประโยคชนิดต่าง ๆ ที่ใช้ในการทำงาน  ทักษะการฟัง พูด อ่านและเขียนในสถานการณ์ที่กำหนด วัฒนธรรมเกาหลีที่สอดแทรกในสถานการณ์ต่าง ๆ\r\n', 'eng', '', 2, 0, '', 0, ''),
('890-050', 'แปลสิกูเกิล ', 'Google Translate Me', 'เหมาะสำหรับผู้เรียนที่ผ่านการเรียนรายวิชาภาษาอังกฤษ 890-002 และ 890-003 มาแล้ว \r\nหรือมีคะแนน O-NET มากกว่า 50 คะแนนขึ้นไป\r\n	ความหมายของการแปล หน้าที่ของภาษา ความสำคัญของการแปล คุณสมบัตินักแปล ทฤษฎีการแปล ชนิดของการแปล กระบวนการในการแปล การแปลกับวัฒนธรรม การแปลเชิงเทคนิค\r\n', 'eng', '', 2, 0, '', 0, ''),
('890-060', 'ภาษาอังกฤษตลอดเวลา ', 'English Twenty-Four/Seven', 'เหมาะสำหรับผู้เรียนที่ผ่านการเรียนรายวิชาภาษาอังกฤษ 890-002 และ 890-003 มาแล้ว \r\nหรือมีคะแนน O-NET มากกว่า 50 คะแนนขึ้นไป\r\n	การใช้แฮชแท็ก (hashtag) ตัวย่อและคำบรรยายภาษาอังกฤษในการผลิตสื่อเพื่อเผยแพร่ทางสื่อสังคมออนไลน์ การวิเคราะห์สื่อภาษาอังกฤษที่เผยแพร่ทางสื่อสังคมออนไลน์ มารยาทในการใช้สื่อสังคมออนไลน์ การเลือกใช้ทรัพยากรทางการเรียนรู้ออนไลน์ที่สร้างสรรค์และเกิดประโยชน์ต่อผู้ใช้งาน และการผลิตสื่อภาษาอังกฤษเพื่อเผยแพร่ทางสื่อสังคมออนไลน์โดยสะท้อนถึงความรับผิดชอบต่อสังคม\r\n', 'eng', '', 2, 0, '', 0, ''),
('890-061', 'ภาษาอังกฤษเพื่อการรู้เท่าทันสื่อดิจิทัล', 'English for Digital Literacy', 'เหมาะสำหรับผู้เรียนที่ผ่านการเรียนรายวิชาภาษาอังกฤษ 890-002 และ 890-003 มาแล้ว \r\nหรือมีคะแนน O-NET มากกว่า 50 คะแนนขึ้นไป\r\n	การเข้าถึงแหล่งข้อมูลภาษาอังกฤษในสื่อดิจิตอลประเภทต่าง ๆ องค์ประกอบ ลักษณะและความหมายของสารในสื่อ หลักและเทคนิคในการวิเคราะห์และประเมินคุณค่าของสาร การถ่ายทอดข้อมูลที่ได้จากการบูรณาการสารจากสื่อดิจิตอลประเภทต่าง ๆ ความสามารถในการผลิตเนื้อหาและ การสื่อสารด้วยทักษะการฟัง พูด อ่านและเขียนด้วยภาษาอังกฤษ\r\n', 'eng', '', 2, 0, '', 0, ''),
('890-070', 'พิชิตข้อสอบภาษาอังกฤษเพื่อการทำงาน  ', 'Winning English Test for Employment', 'เหมาะสำหรับผู้เรียนที่ผ่านการเรียนรายวิชาภาษาอังกฤษ 890-002 และ 890-003 มาแล้ว \r\nหรือมีคะแนน O-NET มากกว่า 50 คะแนนขึ้นไป\r\n	การทบทวนและเพิ่มความรู้และทักษะภาษาอังกฤษสำหรับการทำข้อสอบภาษาอังกฤษเพื่อการทำงาน การสร้างความคุ้นเคยกับรูปแบบข้อสอบ การพัฒนากลยุทธ์การทำข้อสอบ\r\n', 'eng', '', 2, 0, '', 0, ''),
('890-071', 'พิชิตข้อสอบภาษาอังกฤษเพื่อการศึกษาต่อ ', 'Winning English Test for Higher Studies', 'การทบทวนและเพิ่มความรู้และทักษะภาษาอังกฤษสำหรับข้อสอบภาษาอังกฤษมาตรฐานเพื่อการศึกษาต่อ การสร้างความคุ้นเคยกับรูปแบบข้อสอบ การพัฒนากลยุทธ์การทำข้อสอบ\r\n', 'eng', '', 2, 0, '', 0, ''),
('891-010', 'ภาษาญี่ปุ่นเบื้องต้น  ', 'Basic Japanese', 'ตัวอักษรฮิระงะนะและคะตะคะนะ  คำศัพท์ ประโยคและไวยากรณ์ขั้นพื้นฐาน โครงสร้างภาษาญี่ปุ่นเบื้องต้น  ทักษะการฟัง พูด อ่านและเขียนเบื้องต้น', 'eng', '', 2, 0, '', 0, ''),
('891-011', 'สนทนาภาษาญี่ปุ่นในชีวิตประจำวัน ', 'Japanese Conversation in Daily Life', 'เหมาะสำหรับผู้เรียนที่ผ่านการเรียนรายวิชาภาษาญี่ปุ่นเบื้องต้นมาก่อน หรือตามความเห็นชอบของสาขาวิชา/ผู้สอน\r\n	คำศัพท์ สำนวนและประโยคที่ใช้ในชีวิตประจำวัน ทักษะการฟัง และการพูดภาษาญี่ปุ่น การแลกเปลี่ยนข้อมูล การแสดงความคิดเห็นในหัวข้อที่กำหนด\r\n', 'eng', '', 2, 0, '', 0, ''),
('891-012', 'สนทนาภาษาญี่ปุ่นในที่ทำงาน ', 'Japanese Conversation in the Workplace', 'เหมาะสำหรับผู้เรียนที่ผ่านการเรียนรายวิชาภาษาญี่ปุ่นเบื้องต้นมาก่อน หรือตามความเห็นชอบ\r\nของสาขาวิชา/ผู้สอน\r\n	คำศัพท์ สำนวนที่ใช้ในที่ทำงาน โครงสร้างประโยคชนิดต่างๆ ที่ใช้ในการทำงาน ทักษะการฟัง และการพูดในสถานการณ์ที่กำหนด วัฒนธรรมการทำงานในองค์กรญี่ปุ่น\r\n', 'eng', '', 2, 0, '', 0, ''),
('891-020', 'ภาษาจีนเบื้องต้น ', 'Basic Chinese', 'สัทอักษรจีน อักษรจีน โครงสร้างประโยคและไวยากรณ์พื้นฐาน ทักษะการฟัง พูด อ่านและเขียนภาษาจีนเพื่อใช้สื่อสารในชีวิตประจำวัน วัฒนธรรมจีนที่สอดแทรกในสถานการณ์ประจำวัน', 'eng', '', 2, 0, '', 0, ''),
('891-021', 'สนทนาภาษาจีนในชีวิตประจำวัน ', 'Chinese Conversation in Daily Life', 'เหมาะสำหรับผู้เรียนที่ผ่านการเรียนรายวิชาภาษาจีนเบื้องต้นมาก่อน หรือตามความเห็นชอบ\r\nของสาขาวิชา/ผู้สอน\r\n	ทักษะการสื่อสาร การสนทนาโต้ตอบและแลกเปลี่ยนข้อมูลหรือความคิดเห็นเบื้องต้นกับผู้อื่นในสถานการณ์ที่กำหนด วัฒนธรรมจีนเพื่อการสื่อสารที่ถูกต้องและเหมาะสมกับสถานการณ์\r\n', 'eng', '', 2, 0, '', 0, ''),
('891-022', 'สนทนาภาษาจีนในที่ทำงาน ', 'Chinese Conversation in the Workplace', 'เหมาะสำหรับผู้เรียนที่ผ่านการเรียนรายวิชาภาษาจีนเบื้องต้นมาก่อน หรือตามความเห็นชอบ\r\nของสาขาวิชา/ผู้สอน\r\n	การสนทนาและโครงสร้างประโยคชนิดต่าง ๆ ที่ใช้ในการทำงาน  ทักษะการฟัง พูด อ่านและเขียนในสถานการณ์ที่กำหนด วัฒนธรรมจีนที่สอดแทรกในสถานการณ์ ต่าง ๆ\r\n', 'eng', '', 2, 0, '', 0, ''),
('891-030', 'ภาษามลายูเบื้องต้น ', 'Basic Malay', 'คำ วลี ประโยค และไวยากรณ์พื้นฐาน ทักษะการฟัง พูด อ่านและเขียนภาษามลายูเพื่อใช้สื่อสารในชีวิตประจำวัน วัฒนธรรมที่สอดแทรกในสถานการณ์ที่กำหนด', 'eng', '', 2, 0, '', 0, ''),
('891-031', 'สนทนาภาษามลายูในชีวิตประจำวัน ', 'Malay Conversation in Daily Life', 'เหมาะสำหรับผู้เรียนที่ผ่านการเรียนรายวิชาภาษามลายูเบื้องต้นมาก่อน หรือตามความเห็นชอบ\r\nของสาขาวิชา/ผู้สอน                                                                      \r\n	ทักษะการสื่อสาร การสนทนาโต้ตอบและแลกเปลี่ยนข้อมูลหรือความคิดเห็นเบื้องต้นกับผู้อื่นในสถานการณ์ที่กำหนด วัฒนธรรมมลายูเพื่อการสื่อสารที่ถูกต้องและเหมาะสม\r\n', 'eng', '', 2, 0, '', 0, ''),
('891-032', 'สนทนาภาษามลายูเพื่อการท่องเที่ยว ', 'Malay Conversation for Tourism', 'เหมาะสำหรับผู้เรียนที่ผ่านการเรียนรายวิชาภาษามลายูเบื้องต้นมาก่อน หรือตามความเห็นชอบ\r\nของสาขาวิชา/ผู้สอน                                                                                                                                          \r\n	ทักษะการสื่อสารภาษามลายูที่เกี่ยวข้องกับการท่องเที่ยวในสถานการณ์ที่กำหนด  ทักษะการฟัง พูด อ่านและเขียน วัฒนธรรมมลายูที่สอดแทรกในบริบทการท่องเที่ยว', 'eng', '', 2, 0, '', 0, ''),
('891-033', 'ภาษามลายูกลางสำหรับสัตวแพทย์ ', 'Standard Malay for Veterinary Students', 'หลักการใช้ภาษามลายูมาตรฐาน เน้นทักษะการฟังและพูด คำศัพท์ สำนวนและประโยคภาษามลายูในการซักประวัติสัตว์ป่วย และการอธิบายวิธีการรักษาต่อเจ้าของสัตว์', 'eng', '', 2, 0, '', 0, ''),
('891-034', 'ภาษามลายูถิ่นสำหรับสัตวแพทย์ ', 'Malay Dialect for Veterinary Students', 'หลักการใช้ภาษามลายูถิ่น เน้นทักษะการพูดและฟัง การใช้คำ สำนวน และประโยคภาษามลายูในการซักประวัติสัตว์ป่วย และการอธิบายวิธีการรักษาต่อเจ้าของสัตว์', 'eng', '', 2, 0, '', 0, ''),
('891-040', 'ภาษาเกาหลีเบื้องต้น ', 'Basic Korean', 'อักษรเกาหลี โครงสร้างประโยคและไวยากรณ์พื้นฐาน ทักษะการฟัง พูด อ่านและเขียนภาษาเกาหลีเพื่อใช้สื่อสารในชีวิตประจำวัน วัฒนธรรมเกาหลีที่สอดแทรกในสถานการณ์ประจำวัน', 'eng', '', 2, 0, '', 0, ''),
('891-041', 'สนทนาภาษาเกาหลีในชีวิตประจำวัน', 'Korean Conversation in Daily Life', 'เหมาะสำหรับผู้เรียนที่ผ่านการเรียนรายวิชาภาษาเกาหลีเบื้องต้นมาก่อน หรือตามความเห็นชอบของสาขาวิชา/ผู้สอน                                                                      \r\n	ทักษะการสื่อสาร การสนทนาโต้ตอบและแลกเปลี่ยนข้อมูลหรือความคิดเห็นเบื้องต้นกับผู้อื่นในสถานการณ์ที่กำหนด วัฒนธรรมเกาหลีเพื่อการสื่อสารที่ถูกต้องและเหมาะสมกับสถานการณ์\r\n', 'eng', '', 2, 0, '', 0, ''),
('891-050', 'ภาษาเยอรมันเบื้องต้น ', 'Basic German', 'ศัพท์ ไวยากรณ์เยอรมันขั้นพื้นฐานเพื่อการสื่อสารในชีวิตประจำวัน การออกเสียงภาษาเยอรมัน ทักษะการฟัง พูด อ่าน เขียนภาษาเยอรมันขั้นพื้นฐาน', 'eng', '', 2, 0, '', 0, ''),
('895-001', 'พลเมืองที่ดี', 'Good Citizens', 'บทบาท หน้าที่ และความรับผิดชอบต่อสังคมในฐานะพลเมือง การจัดระเบียบทางสังคม กฎหมาย สิทธิเสรีภาพ ความเสมอภาค  การอยู่ร่วมกันภายใต้สังคมพหุวัฒนธรรม', 'main', '', 2, 1, '', 1, ''),
('895-020', 'ขิมไทย', 'Thai Khim', 'ขิมไทย องค์ประกอบของขิมไทย ปฏิบัติการบรรเลงขิมไทย การบรรเลงเพลงไทย 2 ชั้นด้วยขิมไทย', 'aas', '', 1, 0, '', 0, ''),
('895-021', ' ร้อง เล่น เต้นรำ', 'Singing, Playing, Dancing', 'เพลงพื้นบ้าน เพลงร้องและเครื่องดนตรีประกอบเพลงพื้นบ้าน รำกลองยาว เพลงเกี่ยวข้าว เพลงเต้นรำกำเคียว เพลงงูกินหาง', 'aas', '', 1, 0, '', 0, ''),
('895-022', 'จังหวะจะเพลง', 'Rhythm and Song', 'เครื่องดนตรีประเภทเครื่องตีของไทย ระนาดเอก ระนาดทุ้ม ฆ้องวง เครื่องประกอบจังหวะต่าง ๆ กลองยาว กลองแขก โทน รำมะนา ฉิ่ง ฉาบ กรับ โหม่ง และการบรรเลงเพลงไทยพื้นฐาน', 'aas', '', 1, 0, '', 0, ''),
('895-023', 'กีตาร์', 'Guitar', 'กีตาร์ขั้นพื้นฐาน สำเนียง คุณภาพและสำเนียงของเสียง การเล่นบันไดเสียง บทเพลงของกีต้าร์ เพลงสมัยนิยม', 'aas', '', 1, 0, '', 0, ''),
('895-024', 'อูคูเลเล่', 'Ukulele', 'อูคูเลเล่ขั้นพื้นฐาน สำเนียง คุณภาพและสำเนียงของเสียง การเล่นบันไดเสียง บทเพลงของอูคูเลเล่ เพลงสมัยนิยม', 'aas', '', 1, 0, '', 0, ''),
('895-025', 'ฮาร์โมนิกา', 'Harmonica', 'ฮาร์โมนิกาขั้นพื้นฐาน สำเนียง คุณภาพและสำเนียงของเสียง การเล่นบันไดเสียง บทเพลงของฮาร์โมนิกา เพลงสมัยนิยม', 'aas', '', 1, 0, '', 0, ''),
('895-026', 'ดูหนังละครย้อนดูตน', 'Drama and Self-reflection', 'สุนทรียะจากภาพยนตร์และละคร ข้อคิด ตัวตนมนุษย์ ภาพสะท้อนทางวัฒนธรรมจากภาพยนตร์และละคร', 'aas', '', 1, 0, '', 0, ''),
('895-027', 'อรรถรสภาษาไทย', 'Appreciation in Thai Language', 'ลักษณะภาษาที่กระทบความรู้สึกนึกคิด คุณค่า ความงดงาม การสื่อความหมายได้ตามวัตถุประสงค์', 'aas', '', 1, 0, '', 0, ''),
('895-028', 'การวาดเส้นสร้างสรรค์', 'Creative Drawing', 'วาดเส้นจากสิ่งแวดล้อม การร่างภาพสามมิติ การถ่ายทอดจินตนาการด้วยลายเส้น', 'aas', '', 1, 0, '', 0, ''),
('895-030', 'ว่ายน้ำ', 'Swimming', 'การเคลื่อนไหวกับว่ายน้ำ กิจกรรมว่ายน้ำ การนำกิจกรรมว่ายน้ำไปใช้สร้างสุขภาพและทักษะทางสังคมในชีวิตประจำวัน', 'aas', '', 1, 0, '', 0, ''),
('895-031', 'เทนนิส', 'Tennis', 'การเคลื่อนไหวร่างกายด้วยเทนนิส กิจกรรมเทนนิส การใช้เทนนิสเป็นสื่อเพื่อสร้างเสริมสุขภาพและทักษะทางสังคมที่จำเป็นต้องใช้ในชีวิตประจำวัน', 'aas', '', 1, 0, '', 0, ''),
('895-032', 'บาสเกตบอล', 'Basketball', 'สมรรถภาพทางกาย ทักษะในการเคลื่อนไหว เทคนิคและทักษะบาสเกตบอลเบื้องต้น กติกา มารยาทของการเป็นผู้เล่นและผู้ดูที่ดี นำไปเสริมสร้างคุณภาพชีวิต', 'aas', '', 1, 0, '', 0, ''),
('895-033', 'กรีฑา', 'Track and Field', 'การเคลื่อนไหวกับกรีฑา กิจกรรมกรีฑา การนำกิจกรรมกรีฑาใช้สร้างสร้างสุขภาพและทักษะทางสังคมในชีวิตประจำวัน', 'aas', '', 1, 0, '', 0, ''),
('895-034', 'ลีลาศ', 'Social Dance', 'การเคลื่อนไหวกับลีลาศ  กิจกรรมลีลาศ การนำกิจกรรมลีลาศใช้สร้างสร้างสุขภาพและทักษะทางสังคมในชีวิตประจำวัน', 'aas', '', 1, 0, '', 0, ''),
('895-035', 'เปตอง', 'Petangue', 'การเคลื่อนไหวร่างกายด้วยเปตอง กิจกรรมเปตอง การใช้เปตองเป็นสื่อเพื่อสร้างเสริมสุขภาพและทักษะทางสังคมที่จำเป็นต้องใช้ในชีวิตประจำวัน', 'aas', '', 1, 0, '', 0, ''),
('895-036', 'ค่ายพักแรม', 'camping', 'ความเป็นมาและคุณค่าของค่ายพักแรม การอนุรักษ์ทรัพยากรธรรมชาติกับค่ายพักแรม ชนิดของค่าย กิจกรรมค่าย  การเป็นผู้นำและผู้ตามที่ดี กฎระเบียบ มารยาทของการอยู่ค่ายพักแรม การนำไปใช้', 'aas', '', 1, 0, '', 0, ''),
('895-037', 'แบดมินตัน', 'Badminton', 'การเคลื่อนไหวกับแบดมินตัน  กิจกรรมแบดมินตัน การนำกิจกรรมแบดมินตันใช้สร้างเสริมสุขภาพและทักษะทางสังคมในชีวิตประจำวัน', 'aas', '', 1, 0, '', 0, ''),
('895-038', 'เทเบิลเทนนิส', 'Table Tennis', 'กิจกรรมการเคลื่อนไหวร่างกายด้วยกีฬาเทเบิลเทนนิส การใช้กีฬาเทเบิลเทนนิสเป็นสื่อในการสร้างเสริมสุขภาพ สมรรถภาพทางกาย และนำไปประยุกต์ใช้ในชีวิตประจำวัน', 'aas', '', 1, 0, '', 0, ''),
('895-039', 'การออกกำลังกายเพื่อสุขภาพ', 'Exercise for Health', 'วัตถุประสงค์ คุณค่า และประโยชน์ของการออกกำลังกาย สรีรวิทยาการออกกำลังกาย สมรรถภาพทางกาย หลักเกณฑ์และรูปแบบของกิจกรรม แนวทางการเลือกรูปแบบการออกกำลังกาย \r\nการนำไปใช้ในชีวิตประจำวัน', 'aas', '', 1, 0, '', 0, ''),
('895-040', 'จิตวิทยาความรัก', 'Psychology of Love', 'จิตวิทยาเบื้องต้น  ความรักและการดึงดูด ระยะห่างระหว่างบุคคล  ความสัมพันธ์ระหว่างบุคคล สามเหลี่ยมของความรัก ความผูกพัน', 'free', '', 2, 0, '', 0, ''),
('895-041', 'ปรัชญาจริยะ ', 'Ethical Philosophy', 'แนวคิดทางจริยศาสตร์ของนักปรัชญาตะวันตกและตะวันออก จริยศาสตร์และศาสนาจริยศาสตร์และศาสตร์ต่าง ๆ ทฤษฎีทางจริยศาสตร์ กับปัญหาในปัจจุบัน', 'free', '', 2, 0, '', 0, ''),
('950-101', 'จิตวิวัฒน์', 'New Consciousness', 'การเกิดจิตปัจจุบันขณะมีสติ หรือความรู้สึกตัวอยู่กับกายในปัจจุบัน จิตสงบ เป็นกลางในชีวิตประจำวัน การประยุกต์ใช้สติในการเรียน และทำกิจกรรมต่างๆ การใช้สติใคร่ครวญดูความคิดและอารมณ์ เข้าใจการเปลี่ยนแปลงของอารมณ์ เข้าใจระบบสมมติปรุงแต่งของจิต เข้าใจตนเองและผู้อื่นอย่างมีความสุขและแบ่งปัน', 'main', '', 1, 2, '', 1, ''),
('950-102', 'ชีวิตที่ดี', 'Happy and Peaceful Life', 'ความหลากหลายทางวัฒนธรรม ความสุขของชีวิต การเข้าใจและยอมรับความแตกต่างและความหลากหลาย การทำงานอย่างเป็นทีม การอยู่ร่วมกันอย่างสันติ ทักษะการสื่อสารและการแก้ปัญหาอย่างสร้างสรรค์ในสังคมพหุลักษณ์', 'main', '', 2, 2, '', 1, '');

-- --------------------------------------------------------

--
-- Table structure for table `users`
--

CREATE TABLE `users` (
  `studentid` varchar(15) NOT NULL,
  `pwd` varchar(20) NOT NULL,
  `firstname` varchar(20) NOT NULL,
  `lastname` varchar(20) NOT NULL,
  `email` varchar(20) NOT NULL,
  `major` varchar(50) NOT NULL,
  `statusid` varchar(50) NOT NULL
) ENGINE=InnoDB DEFAULT CHARSET=utf8;

--
-- Dumping data for table `users`
--

INSERT INTO `users` (`studentid`, `pwd`, `firstname`, `lastname`, `email`, `major`, `statusid`) VALUES
('5710513039', '5710513039', 'test', 'test', 'test@mail.com', 'Business Information System', 'user'),
('57105130391', '57105130391', 'test1', 'test2', 'test3@mail.com', 'bis', 'user'),
('6010513003', '123456', 'กรวิชญ์', 'บรภาค', 'korawitsk1999@gmail.', 'Business Information System', ''),
('6010513031', '12345', 'bast', 'chuwit', 'koko@gamil.com', 'Business Information System', ''),
('6010513039', '123456', 'korawit', 'borapak', '123456@psu.ac.th', 'bis', 'user'),
('6010513043', '1234', 'กรวิชญ์', 'บรภาค', 'korawitsk1999@gmail.', 'Maketing', ''),
('6010513069', '123456789', 'testbase', 'testbase', 'testbase@mail.com', 'bis', 'user'),
('60105130691', '60105130691', '0', 'test3', 'test3@mail.com', 'bis', 'user');

--
-- Indexes for dumped tables
--

--
-- Indexes for table `category`
--
ALTER TABLE `category`
  ADD PRIMARY KEY (`id`);

--
-- Indexes for table `comments`
--
ALTER TABLE `comments`
  ADD PRIMARY KEY (`commentid`);

--
-- Indexes for table `major`
--
ALTER TABLE `major`
  ADD PRIMARY KEY (`id`);

--
-- Indexes for table `semesters`
--
ALTER TABLE `semesters`
  ADD PRIMARY KEY (`id`);

--
-- Indexes for table `subjects`
--
ALTER TABLE `subjects`
  ADD PRIMARY KEY (`subjectid`);

--
-- Indexes for table `users`
--
ALTER TABLE `users`
  ADD PRIMARY KEY (`studentid`);

--
-- AUTO_INCREMENT for dumped tables
--

--
-- AUTO_INCREMENT for table `category`
--
ALTER TABLE `category`
  MODIFY `id` int(10) NOT NULL AUTO_INCREMENT, AUTO_INCREMENT=6;

--
-- AUTO_INCREMENT for table `comments`
--
ALTER TABLE `comments`
  MODIFY `commentid` int(100) NOT NULL AUTO_INCREMENT, AUTO_INCREMENT=88;

--
-- AUTO_INCREMENT for table `major`
--
ALTER TABLE `major`
  MODIFY `id` int(10) NOT NULL AUTO_INCREMENT, AUTO_INCREMENT=8;

--
-- AUTO_INCREMENT for table `semesters`
--
ALTER TABLE `semesters`
  MODIFY `id` int(100) NOT NULL AUTO_INCREMENT, AUTO_INCREMENT=30;
COMMIT;

/*!40101 SET CHARACTER_SET_CLIENT=@OLD_CHARACTER_SET_CLIENT */;
/*!40101 SET CHARACTER_SET_RESULTS=@OLD_CHARACTER_SET_RESULTS */;
/*!40101 SET COLLATION_CONNECTION=@OLD_COLLATION_CONNECTION */;
